/*
SQLyog Community v11.12 Beta1 (32 bit)
MySQL - 5.5.27 : Database - bundle
*********************************************************************
*/

/*!40101 SET NAMES utf8 */;

/*!40101 SET SQL_MODE=''*/;

/*!40014 SET @OLD_UNIQUE_CHECKS=@@UNIQUE_CHECKS, UNIQUE_CHECKS=0 */;
/*!40014 SET @OLD_FOREIGN_KEY_CHECKS=@@FOREIGN_KEY_CHECKS, FOREIGN_KEY_CHECKS=0 */;
/*!40101 SET @OLD_SQL_MODE=@@SQL_MODE, SQL_MODE='NO_AUTO_VALUE_ON_ZERO' */;
/*!40111 SET @OLD_SQL_NOTES=@@SQL_NOTES, SQL_NOTES=0 */;
CREATE DATABASE /*!32312 IF NOT EXISTS*/`bundle` /*!40100 DEFAULT CHARACTER SET utf8 */;

USE `bundle`;

/*Table structure for table `tbl_bundle` */

DROP TABLE IF EXISTS `tbl_bundle`;

CREATE TABLE `tbl_bundle` (
  `BUNDLE_ID` int(11) NOT NULL AUTO_INCREMENT,
  `SUBSCRIBERS_BASE` varchar(100) NOT NULL COMMENT 'postpaid/prepaid',
  `MATERIAL_CODE` varchar(50) NOT NULL,
  `MATERIAL_NAME` varchar(200) NOT NULL,
  `CHANNEL` varchar(50) NOT NULL COMMENT 'RSP/(WIC/CCC)/(SME/Corporate)',
  `MRP` float NOT NULL,
  `TYPE` varchar(50) NOT NULL COMMENT 'emi/in_cash/credit card',
  `EMI_MONTH` int(11) DEFAULT '0' COMMENT 'only for emi',
  `EMI_INTEREST` float DEFAULT '0' COMMENT 'at percent',
  `CREATED_BY` int(11) NOT NULL,
  `CREATED_DATE` datetime NOT NULL,
  `UPDATED_BY` int(11) DEFAULT NULL,
  `UPDATED_DATE` datetime DEFAULT NULL,
  `STATUS` tinyint(4) NOT NULL,
  PRIMARY KEY (`BUNDLE_ID`)
) ENGINE=InnoDB AUTO_INCREMENT=4 DEFAULT CHARSET=utf8;

/*Data for the table `tbl_bundle` */

insert  into `tbl_bundle`(`BUNDLE_ID`,`SUBSCRIBERS_BASE`,`MATERIAL_CODE`,`MATERIAL_NAME`,`CHANNEL`,`MRP`,`TYPE`,`EMI_MONTH`,`EMI_INTEREST`,`CREATED_BY`,`CREATED_DATE`,`UPDATED_BY`,`UPDATED_DATE`,`STATUS`) values (1,'pre_paid','20000032','EVD1','WIC_CCC',6500,'in_cash',0,0,1,'2015-09-28 05:27:51',1,'2015-09-28 05:28:41',2),(2,'pre_paid','20000323','Robi Prepaid Mass','WIC_CCC',200,'in_cash',0,0,1,'2015-09-28 05:29:41',1,'2015-09-28 05:30:32',2),(3,'pre_paid','20000031','EVD','WIC_CCC',1,'in_cash',0,0,1,'2015-09-29 04:55:32',1,'2015-09-29 04:56:13',2);

/*Table structure for table `tbl_bundle_item` */

DROP TABLE IF EXISTS `tbl_bundle_item`;

CREATE TABLE `tbl_bundle_item` (
  `ID` int(11) NOT NULL AUTO_INCREMENT,
  `BUNDLE_ID` int(11) NOT NULL,
  `SERVICE_ID` int(11) NOT NULL COMMENT 'bundle item id (from option)',
  `TYPE` varchar(50) NOT NULL COMMENT 'once/loop - loop means it can be charged at multiple duration',
  `LOOP_DAYS` int(11) DEFAULT NULL COMMENT 'value as month - only for type=loop',
  `QUANTITY` int(11) NOT NULL,
  `UNIT_PRICE` float DEFAULT NULL,
  `STATUS` tinyint(4) NOT NULL,
  PRIMARY KEY (`ID`)
) ENGINE=InnoDB AUTO_INCREMENT=8 DEFAULT CHARSET=utf8;

/*Data for the table `tbl_bundle_item` */

insert  into `tbl_bundle_item`(`ID`,`BUNDLE_ID`,`SERVICE_ID`,`TYPE`,`LOOP_DAYS`,`QUANTITY`,`UNIT_PRICE`,`STATUS`) values (1,1,1,'once',0,1,7500,7),(2,1,2,'loop',2,3300,0.11,7),(3,1,3,'loop',3,675,0.14,7),(4,1,4,'loop',4,15360,0.22,7),(5,2,1,'once',0,1,7500,7),(6,2,4,'loop',3,3300,0.22,7),(7,3,5,'once',0,1,1,7);

/*Table structure for table `tbl_bundle_option` */

DROP TABLE IF EXISTS `tbl_bundle_option`;

CREATE TABLE `tbl_bundle_option` (
  `OPTION_ID` int(11) NOT NULL AUTO_INCREMENT,
  `OPTION_VALUE` varchar(50) NOT NULL,
  `GROUP_NAME` varchar(50) NOT NULL,
  `PARENT_ID` int(11) DEFAULT NULL,
  `CREATED_BY` int(11) NOT NULL,
  `CREATED_DATE` datetime NOT NULL,
  `UPDATED_BY` int(11) DEFAULT NULL,
  `UPDATED_DATE` datetime DEFAULT NULL,
  `STATUS` tinyint(4) NOT NULL,
  PRIMARY KEY (`OPTION_ID`)
) ENGINE=InnoDB AUTO_INCREMENT=8 DEFAULT CHARSET=utf8;

/*Data for the table `tbl_bundle_option` */

insert  into `tbl_bundle_option`(`OPTION_ID`,`OPTION_VALUE`,`GROUP_NAME`,`PARENT_ID`,`CREATED_BY`,`CREATED_DATE`,`UPDATED_BY`,`UPDATED_DATE`,`STATUS`) values (4,'pcs','unit_name',NULL,1,'2015-09-15 11:21:34',NULL,NULL,7),(5,'MB','unit_name',NULL,1,'2015-09-15 11:21:44',NULL,NULL,7),(6,'minutes','unit_name',NULL,1,'2015-09-20 11:16:23',1,'2015-09-21 10:51:20',7),(7,'115','service_tax',NULL,1,'2015-09-22 09:56:42',NULL,NULL,7);

/*Table structure for table `tbl_bundle_permission` */

DROP TABLE IF EXISTS `tbl_bundle_permission`;

CREATE TABLE `tbl_bundle_permission` (
  `PERMISSION_ID` int(11) NOT NULL AUTO_INCREMENT,
  `PERMISSION_NAME` varchar(100) NOT NULL COMMENT 'example: create order, edit PI, Create User etc',
  `DETAILS` varchar(250) DEFAULT NULL,
  `GROUP_NAME` varchar(200) DEFAULT NULL,
  `MENU_NAME` varchar(50) NOT NULL,
  `ROUTE_NAME` varchar(100) NOT NULL,
  `PARENT_ID` int(11) NOT NULL,
  `STATUS` tinyint(4) NOT NULL COMMENT '1=Pending | 2=Approved | 3=Resolved | 4=Forwarded  | 5=Deployed  | 6=New  | 7=Active  | 8=Initiated  | 9=On Progress  | 10=Delivered  | -2=Declined | -3=Canceled | -5=Taking out | -6=Renewed/Replaced | -7=Inactive',
  PRIMARY KEY (`PERMISSION_ID`)
) ENGINE=InnoDB AUTO_INCREMENT=31 DEFAULT CHARSET=utf8;

/*Data for the table `tbl_bundle_permission` */

insert  into `tbl_bundle_permission`(`PERMISSION_ID`,`PERMISSION_NAME`,`DETAILS`,`GROUP_NAME`,`MENU_NAME`,`ROUTE_NAME`,`PARENT_ID`,`STATUS`) values (13,'create_user',NULL,'user','create_user','create_user',0,1),(14,'manage_user',NULL,'user','manage_user','manage_user',0,1),(15,'create_role',NULL,'user','create_role','create_role',0,1),(16,'manage_role',NULL,'user','manage_role','manage_role',0,1),(18,'create_option',NULL,'configuration','create_option','create_option',0,1),(19,'manage_option',NULL,'configuration','manage_option','manage_option',0,1),(20,'create_bundle',NULL,'bundle','create_bundle','create_bundle',0,1),(21,'manage_bundle',NULL,'bundle','manage_bundle','manage_bundle',0,1),(22,'upload_sale_individual',NULL,'bundle','upload_sale_individual','upload_sale_individual',0,1),(23,'upload_sale_batch',NULL,'bundle','upload_sale_batch','upload_sale_batch',0,1),(24,'manage_sale',NULL,'bundle','manage_sale','manage_sale',0,1),(25,'approve_bundle',NULL,'bundle','manage_bundle','manage_bundle',0,1),(26,'fv_report',NULL,'report','fv_report','fv_report',0,1),(28,'create_service',NULL,'configuration','create_service','create_service',0,1),(29,'manage_service',NULL,'configuration','manage_service','manage_service',0,1),(30,'summary_jv',NULL,'report','summary_jv','summary_jv',0,1);

/*Table structure for table `tbl_bundle_role` */

DROP TABLE IF EXISTS `tbl_bundle_role`;

CREATE TABLE `tbl_bundle_role` (
  `ROLE_ID` int(11) NOT NULL AUTO_INCREMENT,
  `ROLE_NAME` varchar(100) NOT NULL,
  `DETAILS` varchar(255) DEFAULT NULL,
  `PERMISSION_NAME` text NOT NULL,
  `CREATED_BY` int(11) NOT NULL,
  `CREATED_DATE` datetime NOT NULL,
  `UPDATED_BY` int(11) DEFAULT NULL,
  `UPDATED_DATE` datetime DEFAULT NULL,
  `STATUS` tinyint(4) NOT NULL COMMENT '1=Pending | 2=Approved | 3=Resolved | 4=Forwarded  | 5=Deployed  | 6=New  | 7=Active  | 8=Initiated  | 9=On Progress  | 10=Delivered  | -2=Declined | -3=Canceled | -5=Taking out | -6=Renewed/Replaced | -7=Inactive',
  PRIMARY KEY (`ROLE_ID`)
) ENGINE=InnoDB AUTO_INCREMENT=3 DEFAULT CHARSET=utf8;

/*Data for the table `tbl_bundle_role` */

insert  into `tbl_bundle_role`(`ROLE_ID`,`ROLE_NAME`,`DETAILS`,`PERMISSION_NAME`,`CREATED_BY`,`CREATED_DATE`,`UPDATED_BY`,`UPDATED_DATE`,`STATUS`) values (1,'general',NULL,'create_role',9,'0000-00-00 00:00:00',9,'2015-09-14 06:25:51',7),(2,'user management',NULL,'create_bundle,create_role,manage_role',9,'2015-09-14 02:55:21',1,'2015-09-20 11:48:26',7);

/*Table structure for table `tbl_bundle_sale` */

DROP TABLE IF EXISTS `tbl_bundle_sale`;

CREATE TABLE `tbl_bundle_sale` (
  `SALE_ID` int(11) NOT NULL AUTO_INCREMENT,
  `BUNDLE_ID` int(11) NOT NULL,
  `INVOICE_DATE` datetime NOT NULL,
  `MATERIAL_CODE` varchar(100) NOT NULL,
  `INVOICE_NO` varchar(50) DEFAULT NULL,
  `DESCRIPTION` varchar(200) DEFAULT NULL,
  `QUANTITY` int(11) NOT NULL,
  `GROSS_VALUE` double NOT NULL,
  `CREATED_BY` int(11) NOT NULL,
  `CREATED_DATE` datetime NOT NULL,
  `STATUS` tinyint(4) DEFAULT NULL,
  PRIMARY KEY (`SALE_ID`)
) ENGINE=InnoDB DEFAULT CHARSET=utf8;

/*Data for the table `tbl_bundle_sale` */

/*Table structure for table `tbl_bundle_sale_copy` */

DROP TABLE IF EXISTS `tbl_bundle_sale_copy`;

CREATE TABLE `tbl_bundle_sale_copy` (
  `SALE_ID` int(11) NOT NULL AUTO_INCREMENT,
  `BUNDLE_ID` int(11) NOT NULL,
  `INVOICE_DATE` datetime NOT NULL,
  `MATERIAL_CODE` varchar(100) NOT NULL,
  `INVOICE_NO` varchar(50) DEFAULT NULL,
  `DESCRIPTION` varchar(200) DEFAULT NULL,
  `QUANTITY` int(11) NOT NULL,
  `GROSS_VALUE` double NOT NULL,
  `CREATED_BY` int(11) NOT NULL,
  `CREATED_DATE` datetime NOT NULL,
  `STATUS` tinyint(4) DEFAULT NULL,
  PRIMARY KEY (`SALE_ID`)
) ENGINE=InnoDB AUTO_INCREMENT=114 DEFAULT CHARSET=utf8;

/*Data for the table `tbl_bundle_sale_copy` */

insert  into `tbl_bundle_sale_copy`(`SALE_ID`,`BUNDLE_ID`,`INVOICE_DATE`,`MATERIAL_CODE`,`INVOICE_NO`,`DESCRIPTION`,`QUANTITY`,`GROSS_VALUE`,`CREATED_BY`,`CREATED_DATE`,`STATUS`) values (1,3,'2015-09-17 00:00:00','20000031','92628802','EVD',1500000,1500000,1,'2015-09-28 12:59:06',7),(2,3,'2015-09-17 00:00:00','20000031','92629059','EVD',709923,709923,1,'2015-09-28 12:59:06',7),(3,3,'2015-09-17 00:00:00','20000031','92628869','EVD',297018,297018,1,'2015-09-28 12:59:06',7),(4,2,'2015-09-17 00:00:00','20000323','92629584','Robi Prepaid Mass',400,80000,1,'2015-09-28 12:59:06',7),(5,3,'2015-09-17 00:00:00','20000031','92628888','EVD',1500000,1500000,1,'2015-09-28 12:59:06',7),(6,3,'2015-09-17 00:00:00','20000031','92629211','EVD',2100000,2100000,1,'2015-09-28 12:59:06',7),(7,3,'2015-09-17 00:00:00','20000031','92628880','EVD',2000000,2000000,1,'2015-09-28 12:59:06',7),(8,3,'2015-09-17 00:00:00','20000031','92629217','EVD',3821231,3821231,1,'2015-09-28 12:59:06',7),(9,3,'2015-09-17 00:00:00','20000031','92628872','EVD',6000000,6000000,1,'2015-09-28 12:59:06',7),(10,3,'2015-09-17 00:00:00','20000031','92629178','EVD',9200000,9200000,1,'2015-09-28 12:59:06',7),(11,3,'2015-09-17 00:00:00','20000031','92628892','EVD',1050000,1050000,1,'2015-09-28 12:59:06',7),(12,3,'2015-09-17 00:00:00','20000031','92629210','EVD',450000,450000,1,'2015-09-28 12:59:06',7),(13,3,'2015-09-17 00:00:00','20000031','92628886','EVD',1500000,1500000,1,'2015-09-28 12:59:06',7),(14,3,'2015-09-17 00:00:00','20000031','92629212','EVD',3400000,3400000,1,'2015-09-28 12:59:06',7),(15,2,'2015-09-17 00:00:00','20000323','92629593','Robi Prepaid Mass',800,160000,1,'2015-09-28 12:59:06',7),(16,3,'2015-09-17 00:00:00','20000031','92628876','EVD',1000000,1000000,1,'2015-09-28 12:59:06',7),(17,3,'2015-09-17 00:00:00','20000031','92629181','EVD',1000000,1000000,1,'2015-09-28 12:59:06',7),(18,3,'2015-09-17 00:00:00','20000031','92628874','EVD',1000000,1000000,1,'2015-09-28 12:59:06',7),(19,3,'2015-09-17 00:00:00','20000031','92629179','EVD',2200000,2200000,1,'2015-09-28 12:59:06',7),(20,2,'2015-09-17 00:00:00','20000323','92629594','Robi Prepaid Mass',200,40000,1,'2015-09-28 12:59:06',7),(21,3,'2015-09-17 00:00:00','20000031','92628878','EVD',1000000,1000000,1,'2015-09-28 12:59:06',7),(22,3,'2015-09-17 00:00:00','20000031','92629219','EVD',800000,800000,1,'2015-09-28 12:59:06',7),(23,3,'2015-09-17 00:00:00','20000031','92628887','EVD',1000000,1000000,1,'2015-09-28 12:59:06',7),(24,3,'2015-09-17 00:00:00','20000031','92628896','EVD',500000,500000,1,'2015-09-28 12:59:06',7),(25,3,'2015-09-17 00:00:00','20000031','92629205','EVD',300000,300000,1,'2015-09-28 12:59:06',7),(26,2,'2015-09-17 00:00:00','20000323','92629592','Robi Prepaid Mass',1000,200000,1,'2015-09-28 12:59:06',7),(27,3,'2015-09-17 00:00:00','20000031','92628875','EVD',1000000,1000000,1,'2015-09-28 12:59:06',7),(28,3,'2015-09-17 00:00:00','20000031','92629180','EVD',1800000,1800000,1,'2015-09-28 12:59:06',7),(29,3,'2015-09-17 00:00:00','20000031','92628883','EVD',1500000,1500000,1,'2015-09-28 12:59:06',7),(30,3,'2015-09-17 00:00:00','20000031','92629215','EVD',1200000,1200000,1,'2015-09-28 12:59:06',7),(31,2,'2015-09-17 00:00:00','20000323','92629596','Robi Prepaid Mass',200,40000,1,'2015-09-28 12:59:06',7),(32,3,'2015-09-17 00:00:00','20000031','92628885','EVD',1000000,1000000,1,'2015-09-28 12:59:06',7),(33,2,'2015-09-17 00:00:00','20000323','92629604','Robi Prepaid Mass',400,80000,1,'2015-09-28 12:59:06',7),(34,3,'2015-09-17 00:00:00','20000031','92628895','EVD',500000,500000,1,'2015-09-28 12:59:06',7),(35,3,'2015-09-17 00:00:00','20000031','92629207','EVD',600000,600000,1,'2015-09-28 12:59:06',7),(36,2,'2015-09-17 00:00:00','20000323','92629595','Robi Prepaid Mass',800,160000,1,'2015-09-28 12:59:06',7),(37,3,'2015-09-17 00:00:00','20000031','92628881','EVD',1000000,1000000,1,'2015-09-28 12:59:06',7),(38,3,'2015-09-17 00:00:00','20000031','92629216','EVD',800000,800000,1,'2015-09-28 12:59:06',7),(39,3,'2015-09-17 00:00:00','20000031','92628893','EVD',500000,500000,1,'2015-09-28 12:59:06',7),(40,3,'2015-09-17 00:00:00','20000031','92629209','EVD',200000,200000,1,'2015-09-28 12:59:06',7),(41,3,'2015-09-17 00:00:00','20000031','92628890','EVD',1000000,1000000,1,'2015-09-28 12:59:06',7),(42,2,'2015-09-17 00:00:00','20000323','92629602','Robi Prepaid Mass',400,80000,1,'2015-09-28 12:59:06',7),(43,3,'2015-09-17 00:00:00','20000031','92628894','EVD',500000,500000,1,'2015-09-28 12:59:06',7),(44,3,'2015-09-17 00:00:00','20000031','92629208','EVD',600000,600000,1,'2015-09-28 12:59:06',7),(45,3,'2015-09-17 00:00:00','20000031','92629034','EVD',341115,341115,1,'2015-09-28 12:59:06',7),(46,3,'2015-09-17 00:00:00','20000031','92628816','EVD',241724,241724,1,'2015-09-28 12:59:06',7),(47,3,'2015-09-17 00:00:00','20000031','92629191','EVD',125030,125030,1,'2015-09-28 12:59:06',7),(48,3,'2015-09-17 00:00:00','20000031','92629190','EVD',354251,354251,1,'2015-09-28 12:59:06',7),(49,3,'2015-09-17 00:00:00','20000031','92629389','EVD',983653,983653.38,1,'2015-09-28 12:59:06',7),(50,3,'2015-09-17 00:00:00','20000031','92628901','EVD',187545,187544.94,1,'2015-09-28 12:59:06',7),(51,3,'2015-09-17 00:00:00','20000031','92628898','EVD',69448,69448,1,'2015-09-28 12:59:06',7),(52,3,'2015-09-17 00:00:00','20000031','92628929','EVD',333413,333413,1,'2015-09-28 12:59:06',7),(53,3,'2015-09-17 00:00:00','20000031','92629269','EVD',92134,92134,1,'2015-09-28 12:59:06',7),(54,3,'2015-09-17 00:00:00','20000031','92629108','EVD',289341,289341.4,1,'2015-09-28 12:59:06',7),(55,3,'2015-09-17 00:00:00','20000031','92629349','EVD',156287,156287,1,'2015-09-28 12:59:06',7),(56,3,'2015-09-17 00:00:00','20000031','92629074','EVD',440958,440958,1,'2015-09-28 12:59:06',7),(57,3,'2015-09-17 00:00:00','20000031','92629053','EVD',1560138,1560138,1,'2015-09-28 12:59:06',7),(58,3,'2015-09-17 00:00:00','20000031','92629151','EVD',400000,400000,1,'2015-09-28 12:59:06',7),(59,3,'2015-09-17 00:00:00','20000031','92629660','EVD',3901,3901,1,'2015-09-28 12:59:06',7),(60,2,'2015-09-17 00:00:00','20000323','92629126','Robi Prepaid Mass',1,200,1,'2015-09-28 12:59:06',7),(61,3,'2015-09-17 00:00:00','20000031','92628982','EVD',104192,104191.63,1,'2015-09-28 12:59:06',7),(62,3,'2015-09-17 00:00:00','20000031','92629008','EVD',387170,387169.63,1,'2015-09-28 12:59:06',7),(63,3,'2015-09-17 00:00:00','20000031','92629027','EVD',104192,104191.63,1,'2015-09-28 12:59:06',7),(64,3,'2015-09-17 00:00:00','20000031','92629026','EVD',86515,86515,1,'2015-09-28 12:59:06',7),(65,3,'2015-09-17 00:00:00','20000031','92629023','EVD',12575,12574.89,1,'2015-09-28 12:59:06',7),(66,3,'2015-09-17 00:00:00','20000031','92628798','EVD',44802,44802.4,1,'2015-09-28 12:59:06',7),(67,3,'2015-09-17 00:00:00','20000031','92628810','EVD',27300000,27300000,1,'2015-09-28 12:59:06',7),(68,2,'2015-09-17 00:00:00','20000323','92629440','Robi Prepaid Mass',1,200,1,'2015-09-28 12:59:06',7),(69,2,'2015-09-17 00:00:00','20000323','92629440','Robi Prepaid Mass',1,200,1,'2015-09-28 12:59:06',7),(70,2,'2015-09-17 00:00:00','20000323','92629440','Robi Prepaid Mass',1,200,1,'2015-09-28 12:59:06',7),(71,2,'2015-09-17 00:00:00','20000323','92629637','Robi Prepaid Mass',1,200,1,'2015-09-28 12:59:06',7),(72,2,'2015-09-17 00:00:00','20000323','92629637','Robi Prepaid Mass',1,200,1,'2015-09-28 12:59:06',7),(73,3,'2015-09-17 00:00:00','20000031','92629677','EVD',1749,1749,1,'2015-09-28 12:59:06',7),(74,2,'2015-09-17 00:00:00','20000323','92629722','Robi Prepaid Mass',1,200,1,'2015-09-28 12:59:06',7),(75,2,'2015-09-17 00:00:00','20000323','92629722','Robi Prepaid Mass',1,200,1,'2015-09-28 12:59:06',7),(76,2,'2015-09-17 00:00:00','20000323','92629722','Robi Prepaid Mass',1,200,1,'2015-09-28 12:59:06',7),(77,2,'2015-09-17 00:00:00','20000323','92628702','Robi Prepaid Mass',1,200,1,'2015-09-28 12:59:06',7),(78,2,'2015-09-17 00:00:00','20000323','92628702','Robi Prepaid Mass',1,200,1,'2015-09-28 12:59:06',7),(79,2,'2015-09-17 00:00:00','20000323','92628702','Robi Prepaid Mass',1,200,1,'2015-09-28 12:59:06',7),(80,2,'2015-09-17 00:00:00','20000323','92629047','Robi Prepaid Mass',1,200,1,'2015-09-28 12:59:06',7),(81,3,'2015-09-17 00:00:00','20000031','92629214','EVD',282000,282000,1,'2015-09-28 12:59:06',7),(82,2,'2015-09-17 00:00:00','20000323','92629695','Robi Prepaid Mass',1,200,1,'2015-09-28 12:59:06',7),(83,2,'2015-09-17 00:00:00','20000323','92629695','Robi Prepaid Mass',1,200,1,'2015-09-28 12:59:06',7),(84,2,'2015-09-17 00:00:00','20000323','92629695','Robi Prepaid Mass',1,200,1,'2015-09-28 12:59:06',7),(85,2,'2015-09-17 00:00:00','20000323','92629695','Robi Prepaid Mass',1,200,1,'2015-09-28 12:59:06',7),(86,2,'2015-09-17 00:00:00','20000323','92629695','Robi Prepaid Mass',1,200,1,'2015-09-28 12:59:06',7),(87,2,'2015-09-17 00:00:00','20000323','92629695','Robi Prepaid Mass',1,200,1,'2015-09-28 12:59:06',7),(88,2,'2015-09-17 00:00:00','20000323','92629695','Robi Prepaid Mass',1,200,1,'2015-09-28 12:59:06',7),(89,2,'2015-09-17 00:00:00','20000323','92629695','Robi Prepaid Mass',1,200,1,'2015-09-28 12:59:06',7),(90,2,'2015-09-17 00:00:00','20000323','92629695','Robi Prepaid Mass',1,200,1,'2015-09-28 12:59:06',7),(91,2,'2015-09-17 00:00:00','20000323','92629693','Robi Prepaid Mass',1,200,1,'2015-09-28 12:59:06',7),(92,2,'2015-09-17 00:00:00','20000323','92629693','Robi Prepaid Mass',1,200,1,'2015-09-28 12:59:06',7),(93,2,'2015-09-17 00:00:00','20000323','92629693','Robi Prepaid Mass',1,200,1,'2015-09-28 12:59:06',7),(94,2,'2015-09-17 00:00:00','20000323','92629693','Robi Prepaid Mass',1,200,1,'2015-09-28 12:59:06',7),(95,2,'2015-09-17 00:00:00','20000323','92629693','Robi Prepaid Mass',1,200,1,'2015-09-28 12:59:06',7),(96,2,'2015-09-17 00:00:00','20000323','92629693','Robi Prepaid Mass',1,200,1,'2015-09-28 12:59:06',7),(97,2,'2015-09-17 00:00:00','20000323','92629693','Robi Prepaid Mass',1,200,1,'2015-09-28 12:59:06',7),(98,2,'2015-09-17 00:00:00','20000323','92629693','Robi Prepaid Mass',1,200,1,'2015-09-28 12:59:06',7),(99,2,'2015-09-17 00:00:00','20000323','92629693','Robi Prepaid Mass',1,200,1,'2015-09-28 12:59:06',7),(100,3,'2015-09-17 00:00:00','20000031','92629360','EVD',2600000,2600000,1,'2015-09-28 12:59:06',7),(101,3,'2015-09-17 00:00:00','20000031','92629358','EVD',2200000,2200000,1,'2015-09-28 12:59:06',7),(102,3,'2015-09-17 00:00:00','20000031','92629361','EVD',700000,700000,1,'2015-09-28 12:59:06',7),(103,3,'2015-09-17 00:00:00','20000031','92628995','EVD',200000,200000,1,'2015-09-28 12:59:06',7),(104,3,'2015-09-17 00:00:00','20000031','92628794','EVD',300000,300000,1,'2015-09-28 12:59:06',7),(105,3,'2015-09-17 00:00:00','20000031','92628792','EVD',1000000,1000000,1,'2015-09-28 12:59:06',7),(106,3,'2015-09-17 00:00:00','20000031','92628789','EVD',600000,600000,1,'2015-09-28 12:59:06',7),(107,3,'2015-09-17 00:00:00','20000031','92629357','EVD',8000000,8000000,1,'2015-09-28 12:59:06',7),(108,3,'2015-09-17 00:00:00','20000031','92628994','EVD',700000,700000,1,'2015-09-28 12:59:06',7),(109,3,'2015-09-17 00:00:00','20000031','92628788','EVD',5100000,5100000,1,'2015-09-28 12:59:06',7),(110,3,'2015-09-17 00:00:00','20000031','92629390','EVD',968982,968982.16,1,'2015-09-28 12:59:06',7),(111,3,'2015-09-17 00:00:00','20000031','92628902','EVD',500000,500000,1,'2015-09-28 12:59:06',7),(112,3,'2015-09-17 00:00:00','20000031','92629154','EVD',500000,500000,1,'2015-09-28 12:59:06',7),(113,2,'2015-09-17 00:00:00','20000323','92629238','Robi Prepaid Mass',100,20000,1,'2015-09-28 12:59:06',7);

/*Table structure for table `tbl_bundle_service` */

DROP TABLE IF EXISTS `tbl_bundle_service`;

CREATE TABLE `tbl_bundle_service` (
  `SERVICE_ID` int(11) NOT NULL AUTO_INCREMENT,
  `SERVICE_NAME` varchar(100) NOT NULL,
  `UNIT` varchar(20) NOT NULL,
  `UNIT_PRICE` float NOT NULL,
  `PRICE_TYPE` varchar(50) DEFAULT NULL COMMENT 'NC (Network Cost)/Average',
  `GL_CODE` varchar(50) NOT NULL,
  `VAT_APPLICABLE` varchar(10) DEFAULT NULL COMMENT 'yes/no',
  `CREATED_BY` int(11) NOT NULL,
  `CREATED_DATE` datetime NOT NULL,
  `UPDATED_BY` int(11) DEFAULT NULL,
  `UPDATED_DATE` datetime DEFAULT NULL,
  `STATUS` tinyint(4) NOT NULL,
  PRIMARY KEY (`SERVICE_ID`)
) ENGINE=InnoDB AUTO_INCREMENT=6 DEFAULT CHARSET=utf8;

/*Data for the table `tbl_bundle_service` */

insert  into `tbl_bundle_service`(`SERVICE_ID`,`SERVICE_NAME`,`UNIT`,`UNIT_PRICE`,`PRICE_TYPE`,`GL_CODE`,`VAT_APPLICABLE`,`CREATED_BY`,`CREATED_DATE`,`UPDATED_BY`,`UPDATED_DATE`,`STATUS`) values (1,'Prepaid Hand Set','pcs',7500,'market_value','60100155','no',1,'2015-09-21 12:23:24',1,'2015-09-21 12:31:27',7),(2,'On-net voice','minutes',0.11,'NC','60400010','yes',1,'2015-09-21 12:34:19',NULL,NULL,7),(3,'Off-net voice','minutes',0.14,'NC','60401000','yes',1,'2015-09-21 12:35:08',NULL,NULL,7),(4,'Data-Per MB','MB',0.22,'NC','60403501','yes',1,'2015-09-21 12:36:02',NULL,NULL,7),(5,'voice call','minutes',1,'NC','60403502','yes',1,'2015-09-29 04:54:00',NULL,NULL,7);

/*Table structure for table `tbl_bundle_user` */

DROP TABLE IF EXISTS `tbl_bundle_user`;

CREATE TABLE `tbl_bundle_user` (
  `USER_ID` int(11) NOT NULL AUTO_INCREMENT,
  `ROLE_ID` int(11) DEFAULT NULL,
  `USER_NAME` varchar(50) NOT NULL,
  `USER_EMAIL` varchar(50) NOT NULL,
  `USER_PHONE` varchar(50) NOT NULL,
  `USER_PASSWORD` varchar(50) NOT NULL,
  `USER_PASSWORD_HISTORY` text,
  `CREATED_BY` int(11) DEFAULT NULL,
  `CREATED_DATE` datetime DEFAULT NULL,
  `UPDATED_BY` int(11) DEFAULT NULL,
  `UPDATED_DATE` datetime DEFAULT NULL,
  `STATUS` tinyint(4) NOT NULL COMMENT '1=active | -1=inactive',
  PRIMARY KEY (`USER_ID`)
) ENGINE=InnoDB AUTO_INCREMENT=10 DEFAULT CHARSET=utf8;

/*Data for the table `tbl_bundle_user` */

insert  into `tbl_bundle_user`(`USER_ID`,`ROLE_ID`,`USER_NAME`,`USER_EMAIL`,`USER_PHONE`,`USER_PASSWORD`,`USER_PASSWORD_HISTORY`,`CREATED_BY`,`CREATED_DATE`,`UPDATED_BY`,`UPDATED_DATE`,`STATUS`) values (1,0,'admin','golam.mohiuddin1@nns-solution.net','1234567890','l0y7QkzEyLXkyLLL_BEuJVjUterSeR98qEDwMa1y0TI%2C',NULL,NULL,'2015-09-13 12:06:23',NULL,NULL,9),(9,2,'Mohiuddin','golam.mohiuddin@nns-solution.net','01847 133060','xJBZIZflrZxyB1ZOSigSAF9IpB800Ojo7C7Qja5hCXs%2C','xJBZIZflrZxyB1ZOSigSAF9IpB800Ojo7C7Qja5hCXs%2C,Qj6Wu4y0eVKfDrncmVndYZKd5UO1dvIrTv1CrVjpyL8%2C',NULL,'2015-09-14 12:53:22',1,'2015-09-14 06:01:07',7);

/*!40101 SET SQL_MODE=@OLD_SQL_MODE */;
/*!40014 SET FOREIGN_KEY_CHECKS=@OLD_FOREIGN_KEY_CHECKS */;
/*!40014 SET UNIQUE_CHECKS=@OLD_UNIQUE_CHECKS */;
/*!40111 SET SQL_NOTES=@OLD_SQL_NOTES */;
